{"accuracy": [0.4233483076095581, 0.46875, 0.46375882625579834, 0.40625, 0.5, 0.5, 0.517960250377655, 0.71875, 0.5169980525970459, 0.59375, 0.5538806915283203, 0.375, 0.5612572431564331], "loss": [1.2736388444900513, 1.1172152757644653, 1.081921100616455, 1.0988733768463135, 1.0421959161758423, 1.272426724433899, 1.0207797288894653, 0.8561959266662598, 1.0199050903320312, 0.8424750566482544, 0.9916749596595764, 1.045776605606079, 0.9619351029396057], "val_accuracy": [0.3348214328289032, 0.25, 0.3816964328289032, 0.5, 0.4866071343421936, 0.5, 0.5256696343421936, 0.75, 0.5558035969734192, 0.5, 0.5915178656578064, 0.25, 0.5892857313156128], "val_loss": [2.5591447353363037, 3.217811346054077, 1.673539400100708, 1.7182048559188843, 1.3060904741287231, 1.303410291671753, 1.0227478742599487, 0.6886253356933594, 0.9580820202827454, 0.8299204111099243, 0.9083384871482849, 2.0402886867523193, 0.9199772477149963], "learning_rate": [9.999999747378752e-05, 9.999999747378752e-05, 9.999999747378752e-05, 9.999999747378752e-05, 9.999999747378752e-05, 9.999999747378752e-05, 9.999999747378752e-05, 9.999999747378752e-05, 9.999999747378752e-05, 9.999999747378752e-05, 9.999999747378752e-05, 4.999999873689376e-05, 4.999999873689376e-05]}